municipio;codEstacao;uf;nomeEstacao;latitude;longitude;datahora;valorMedida
CUIABÁ;510340301H;MT;Corrego do Barbado;-56,077172;-15,619291;2020-08-01 00:10:00.0;0,00;
CUIABÁ;510340301H;MT;Corrego do Barbado;-56,077172;-15,619291;2020-08-01 01:10:00.0;0,00;
CUIABÁ;510340301H;MT;Corrego do Barbado;-56,077172;-15,619291;2020-08-01 02:10:00.0;0,00;
CUIABÁ;510340301H;MT;Corrego do Barbado;-56,077172;-15,619291;2020-08-01 03:10:00.0;0,00;
CUIABÁ;510340301H;MT;Corrego do Barbado;-56,077172;-15,619291;2020-08-01 04:10:00.0;0,00;
CUIABÁ;510340301H;MT;Corrego do Barbado;-56,077172;-15,619291;2020-08-01 05:10:00.0;0,00;
CUIABÁ;510340301H;MT;Corrego do Barbado;-56,077172;-15,619291;2020-08-01 06:10:00.0;0,00;
CUIABÁ;510340301H;MT;Corrego do Barbado;-56,077172;-15,619291;2020-08-01 07:10:00.0;0,00;
CUIABÁ;510340301H;MT;Corrego do Barbado;-56,077172;-15,619291;2020-08-01 08:10:00.0;0,00;
CUIABÁ;510340301H;MT;Corrego do Barbado;-56,077172;-15,619291;2020-08-01 09:10:00.0;0,00;
CUIABÁ;510340301H;MT;Corrego do Barbado;-56,077172;-15,619291;2020-08-01 10:10:00.0;0,00;
CUIABÁ;510340301H;MT;Corrego do Barbado;-56,077172;-15,619291;2020-08-01 11:10:00.0;0,00;
CUIABÁ;510340301H;MT;Corrego do Barbado;-56,077172;-15,619291;2020-08-01 12:10:00.0;0,00;
CUIABÁ;510340301H;MT;Corrego do Barbado;-56,077172;-15,619291;2020-08-01 13:10:00.0;0,00;
CUIABÁ;510340301H;MT;Corrego do Barbado;-56,077172;-15,619291;2020-08-01 14:10:00.0;0,00;
CUIABÁ;510340301H;MT;Corrego do Barbado;-56,077172;-15,619291;2020-08-01 15:10:00.0;0,00;
CUIABÁ;510340301H;MT;Corrego do Barbado;-56,077172;-15,619291;2020-08-01 16:10:00.0;0,00;
CUIABÁ;510340301H;MT;Corrego do Barbado;-56,077172;-15,619291;2020-08-01 17:10:00.0;0,00;
CUIABÁ;510340301H;MT;Corrego do Barbado;-56,077172;-15,619291;2020-08-01 18:10:00.0;0,00;
CUIABÁ;510340301H;MT;Corrego do Barbado;-56,077172;-15,619291;2020-08-01 19:10:00.0;0,00;
CUIABÁ;510340301H;MT;Corrego do Barbado;-56,077172;-15,619291;2020-08-01 20:10:00.0;0,00;
CUIABÁ;510340301H;MT;Corrego do Barbado;-56,077172;-15,619291;2020-08-01 21:10:00.0;0,00;
CUIABÁ;510340301H;MT;Corrego do Barbado;-56,077172;-15,619291;2020-08-01 22:10:00.0;0,00;
CUIABÁ;510340301H;MT;Corrego do Barbado;-56,077172;-15,619291;2020-08-01 23:10:00.0;0,00;
CUIABÁ;510340301H;MT;Corrego do Barbado;-56,077172;-15,619291;2020-08-02 00:10:00.0;0,00;
CUIABÁ;510340301H;MT;Corrego do Barbado;-56,077172;-15,619291;2020-08-02 01:10:00.0;0,00;
CUIABÁ;510340301H;MT;Corrego do Barbado;-56,077172;-15,619291;2020-08-02 02:10:00.0;0,00;
CUIABÁ;510340301H;MT;Corrego do Barbado;-56,077172;-15,619291;2020-08-02 03:10:00.0;0,00;
CUIABÁ;510340301H;MT;Corrego do Barbado;-56,077172;-15,619291;2020-08-02 04:10:00.0;0,00;
CUIABÁ;510340301H;MT;Corrego do Barbado;-56,077172;-15,619291;2020-08-02 05:10:00.0;0,00;
CUIABÁ;510340301H;MT;Corrego do Barbado;-56,077172;-15,619291;2020-08-02 06:10:00.0;0,00;
CUIABÁ;510340301H;MT;Corrego do Barbado;-56,077172;-15,619291;2020-08-02 07:10:00.0;0,00;
CUIABÁ;510340301H;MT;Corrego do Barbado;-56,077172;-15,619291;2020-08-02 08:10:00.0;0,00;
CUIABÁ;510340301H;MT;Corrego do Barbado;-56,077172;-15,619291;2020-08-02 09:10:00.0;0,00;
CUIABÁ;510340301H;MT;Corrego do Barbado;-56,077172;-15,619291;2020-08-02 10:10:00.0;0,00;
CUIABÁ;510340301H;MT;Corrego do Barbado;-56,077172;-15,619291;2020-08-02 11:10:00.0;0,00;
CUIABÁ;510340301H;MT;Corrego do Barbado;-56,077172;-15,619291;2020-08-02 12:10:00.0;0,00;
CUIABÁ;510340301H;MT;Corrego do Barbado;-56,077172;-15,619291;2020-08-02 13:10:00.0;0,00;
CUIABÁ;510340301H;MT;Corrego do Barbado;-56,077172;-15,619291;2020-08-02 14:10:00.0;0,00;
CUIABÁ;510340301H;MT;Corrego do Barbado;-56,077172;-15,619291;2020-08-02 15:10:00.0;0,00;
CUIABÁ;510340301H;MT;Corrego do Barbado;-56,077172;-15,619291;2020-08-02 16:10:00.0;0,00;
CUIABÁ;510340301H;MT;Corrego do Barbado;-56,077172;-15,619291;2020-08-02 17:10:00.0;0,00;
CUIABÁ;510340301H;MT;Corrego do Barbado;-56,077172;-15,619291;2020-08-02 18:10:00.0;0,00;
CUIABÁ;510340301H;MT;Corrego do Barbado;-56,077172;-15,619291;2020-08-02 19:10:00.0;0,00;
CUIABÁ;510340301H;MT;Corrego do Barbado;-56,077172;-15,619291;2020-08-02 20:10:00.0;0,00;
CUIABÁ;510340301H;MT;Corrego do Barbado;-56,077172;-15,619291;2020-08-02 21:10:00.0;0,00;
CUIABÁ;510340301H;MT;Corrego do Barbado;-56,077172;-15,619291;2020-08-02 22:10:00.0;0,00;
CUIABÁ;510340301H;MT;Corrego do Barbado;-56,077172;-15,619291;2020-08-02 23:10:00.0;0,00;
CUIABÁ;510340301H;MT;Corrego do Barbado;-56,077172;-15,619291;2020-08-03 00:10:00.0;0,00;
CUIABÁ;510340301H;MT;Corrego do Barbado;-56,077172;-15,619291;2020-08-03 01:10:00.0;0,00;
CUIABÁ;510340301H;MT;Corrego do Barbado;-56,077172;-15,619291;2020-08-03 02:10:00.0;0,00;
CUIABÁ;510340301H;MT;Corrego do Barbado;-56,077172;-15,619291;2020-08-03 03:10:00.0;0,00;
CUIABÁ;510340301H;MT;Corrego do Barbado;-56,077172;-15,619291;2020-08-03 04:10:00.0;0,00;
CUIABÁ;510340301H;MT;Corrego do Barbado;-56,077172;-15,619291;2020-08-03 05:10:00.0;0,00;
CUIABÁ;510340301H;MT;Corrego do Barbado;-56,077172;-15,619291;2020-08-03 06:10:00.0;0,00;
CUIABÁ;510340301H;MT;Corrego do Barbado;-56,077172;-15,619291;2020-08-03 07:10:00.0;0,00;
CUIABÁ;510340301H;MT;Corrego do Barbado;-56,077172;-15,619291;2020-08-03 08:10:00.0;0,00;
CUIABÁ;510340301H;MT;Corrego do Barbado;-56,077172;-15,619291;2020-08-03 09:10:00.0;0,00;
CUIABÁ;510340301H;MT;Corrego do Barbado;-56,077172;-15,619291;2020-08-03 10:10:00.0;0,00;
CUIABÁ;510340301H;MT;Corrego do Barbado;-56,077172;-15,619291;2020-08-03 11:10:00.0;0,00;
CUIABÁ;510340301H;MT;Corrego do Barbado;-56,077172;-15,619291;2020-08-03 12:10:00.0;0,00;
CUIABÁ;510340301H;MT;Corrego do Barbado;-56,077172;-15,619291;2020-08-03 13:10:00.0;0,00;
CUIABÁ;510340301H;MT;Corrego do Barbado;-56,077172;-15,619291;2020-08-03 14:10:00.0;0,00;
CUIABÁ;510340301H;MT;Corrego do Barbado;-56,077172;-15,619291;2020-08-03 15:10:00.0;0,00;
CUIABÁ;510340301H;MT;Corrego do Barbado;-56,077172;-15,619291;2020-08-03 16:10:00.0;0,00;
CUIABÁ;510340301H;MT;Corrego do Barbado;-56,077172;-15,619291;2020-08-03 17:10:00.0;0,00;
CUIABÁ;510340301H;MT;Corrego do Barbado;-56,077172;-15,619291;2020-08-03 18:10:00.0;0,00;
CUIABÁ;510340301H;MT;Corrego do Barbado;-56,077172;-15,619291;2020-08-03 19:10:00.0;0,00;
CUIABÁ;510340301H;MT;Corrego do Barbado;-56,077172;-15,619291;2020-08-03 20:10:00.0;0,00;
CUIABÁ;510340301H;MT;Corrego do Barbado;-56,077172;-15,619291;2020-08-03 21:10:00.0;0,00;
CUIABÁ;510340301H;MT;Corrego do Barbado;-56,077172;-15,619291;2020-08-03 22:10:00.0;0,00;
CUIABÁ;510340301H;MT;Corrego do Barbado;-56,077172;-15,619291;2020-08-03 23:10:00.0;0,00;
CUIABÁ;510340301H;MT;Corrego do Barbado;-56,077172;-15,619291;2020-08-04 00:10:00.0;0,00;
CUIABÁ;510340301H;MT;Corrego do Barbado;-56,077172;-15,619291;2020-08-04 01:10:00.0;0,00;
CUIABÁ;510340301H;MT;Corrego do Barbado;-56,077172;-15,619291;2020-08-04 02:10:00.0;0,00;
CUIABÁ;510340301H;MT;Corrego do Barbado;-56,077172;-15,619291;2020-08-04 03:10:00.0;0,00;
CUIABÁ;510340301H;MT;Corrego do Barbado;-56,077172;-15,619291;2020-08-04 04:10:00.0;0,00;
CUIABÁ;510340301H;MT;Corrego do Barbado;-56,077172;-15,619291;2020-08-04 05:10:00.0;0,00;
CUIABÁ;510340301H;MT;Corrego do Barbado;-56,077172;-15,619291;2020-08-04 06:10:00.0;0,00;
CUIABÁ;510340301H;MT;Corrego do Barbado;-56,077172;-15,619291;2020-08-04 07:10:00.0;0,00;
CUIABÁ;510340301H;MT;Corrego do Barbado;-56,077172;-15,619291;2020-08-04 08:10:00.0;0,00;
CUIABÁ;510340301H;MT;Corrego do Barbado;-56,077172;-15,619291;2020-08-04 09:10:00.0;0,00;
CUIABÁ;510340301H;MT;Corrego do Barbado;-56,077172;-15,619291;2020-08-04 10:10:00.0;0,00;
CUIABÁ;510340301H;MT;Corrego do Barbado;-56,077172;-15,619291;2020-08-04 11:10:00.0;0,00;
CUIABÁ;510340301H;MT;Corrego do Barbado;-56,077172;-15,619291;2020-08-04 12:10:00.0;0,00;
CUIABÁ;510340301H;MT;Corrego do Barbado;-56,077172;-15,619291;2020-08-04 13:10:00.0;0,00;
CUIABÁ;510340301H;MT;Corrego do Barbado;-56,077172;-15,619291;2020-08-04 14:10:00.0;0,00;
CUIABÁ;510340301H;MT;Corrego do Barbado;-56,077172;-15,619291;2020-08-04 15:10:00.0;0,00;
CUIABÁ;510340301H;MT;Corrego do Barbado;-56,077172;-15,619291;2020-08-04 16:10:00.0;0,00;
CUIABÁ;510340301H;MT;Corrego do Barbado;-56,077172;-15,619291;2020-08-04 17:10:00.0;0,00;
CUIABÁ;510340301H;MT;Corrego do Barbado;-56,077172;-15,619291;2020-08-04 18:10:00.0;0,00;
CUIABÁ;510340301H;MT;Corrego do Barbado;-56,077172;-15,619291;2020-08-04 19:10:00.0;0,00;
CUIABÁ;510340301H;MT;Corrego do Barbado;-56,077172;-15,619291;2020-08-04 20:10:00.0;0,00;
CUIABÁ;510340301H;MT;Corrego do Barbado;-56,077172;-15,619291;2020-08-04 21:10:00.0;0,00;
CUIABÁ;510340301H;MT;Corrego do Barbado;-56,077172;-15,619291;2020-08-04 22:10:00.0;0,00;
CUIABÁ;510340301H;MT;Corrego do Barbado;-56,077172;-15,619291;2020-08-04 23:10:00.0;0,00;
CUIABÁ;510340301H;MT;Corrego do Barbado;-56,077172;-15,619291;2020-08-05 00:10:00.0;0,00;
CUIABÁ;510340301H;MT;Corrego do Barbado;-56,077172;-15,619291;2020-08-05 01:10:00.0;0,00;
CUIABÁ;510340301H;MT;Corrego do Barbado;-56,077172;-15,619291;2020-08-05 02:10:00.0;0,00;
CUIABÁ;510340301H;MT;Corrego do Barbado;-56,077172;-15,619291;2020-08-05 03:10:00.0;0,00;
CUIABÁ;510340301H;MT;Corrego do Barbado;-56,077172;-15,619291;2020-08-05 04:10:00.0;0,00;
CUIABÁ;510340301H;MT;Corrego do Barbado;-56,077172;-15,619291;2020-08-05 05:10:00.0;0,00;
CUIABÁ;510340301H;MT;Corrego do Barbado;-56,077172;-15,619291;2020-08-05 06:10:00.0;0,00;
CUIABÁ;510340301H;MT;Corrego do Barbado;-56,077172;-15,619291;2020-08-05 07:10:00.0;0,00;
CUIABÁ;510340301H;MT;Corrego do Barbado;-56,077172;-15,619291;2020-08-05 08:10:00.0;0,00;
CUIABÁ;510340301H;MT;Corrego do Barbado;-56,077172;-15,619291;2020-08-05 09:10:00.0;0,00;
CUIABÁ;510340301H;MT;Corrego do Barbado;-56,077172;-15,619291;2020-08-05 10:10:00.0;0,00;
CUIABÁ;510340301H;MT;Corrego do Barbado;-56,077172;-15,619291;2020-08-05 11:10:00.0;0,00;
CUIABÁ;510340301H;MT;Corrego do Barbado;-56,077172;-15,619291;2020-08-05 12:10:00.0;0,00;
CUIABÁ;510340301H;MT;Corrego do Barbado;-56,077172;-15,619291;2020-08-05 13:10:00.0;0,00;
CUIABÁ;510340301H;MT;Corrego do Barbado;-56,077172;-15,619291;2020-08-05 14:10:00.0;0,00;
CUIABÁ;510340301H;MT;Corrego do Barbado;-56,077172;-15,619291;2020-08-05 15:10:00.0;0,00;
CUIABÁ;510340301H;MT;Corrego do Barbado;-56,077172;-15,619291;2020-08-05 16:10:00.0;0,00;
CUIABÁ;510340301H;MT;Corrego do Barbado;-56,077172;-15,619291;2020-08-05 17:10:00.0;0,00;
CUIABÁ;510340301H;MT;Corrego do Barbado;-56,077172;-15,619291;2020-08-05 18:10:00.0;0,00;
CUIABÁ;510340301H;MT;Corrego do Barbado;-56,077172;-15,619291;2020-08-05 19:10:00.0;0,00;
CUIABÁ;510340301H;MT;Corrego do Barbado;-56,077172;-15,619291;2020-08-05 20:10:00.0;0,00;
CUIABÁ;510340301H;MT;Corrego do Barbado;-56,077172;-15,619291;2020-08-05 21:10:00.0;0,00;
CUIABÁ;510340301H;MT;Corrego do Barbado;-56,077172;-15,619291;2020-08-05 22:10:00.0;0,00;
CUIABÁ;510340301H;MT;Corrego do Barbado;-56,077172;-15,619291;2020-08-05 23:10:00.0;0,00;
CUIABÁ;510340301H;MT;Corrego do Barbado;-56,077172;-15,619291;2020-08-06 00:10:00.0;0,00;
CUIABÁ;510340301H;MT;Corrego do Barbado;-56,077172;-15,619291;2020-08-06 01:10:00.0;0,00;
CUIABÁ;510340301H;MT;Corrego do Barbado;-56,077172;-15,619291;2020-08-06 02:10:00.0;0,00;
CUIABÁ;510340301H;MT;Corrego do Barbado;-56,077172;-15,619291;2020-08-06 03:10:00.0;0,00;
CUIABÁ;510340301H;MT;Corrego do Barbado;-56,077172;-15,619291;2020-08-06 04:10:00.0;0,00;
CUIABÁ;510340301H;MT;Corrego do Barbado;-56,077172;-15,619291;2020-08-06 05:10:00.0;0,00;
CUIABÁ;510340301H;MT;Corrego do Barbado;-56,077172;-15,619291;2020-08-06 06:10:00.0;0,00;
CUIABÁ;510340301H;MT;Corrego do Barbado;-56,077172;-15,619291;2020-08-06 07:10:00.0;0,00;
CUIABÁ;510340301H;MT;Corrego do Barbado;-56,077172;-15,619291;2020-08-06 08:10:00.0;0,00;
CUIABÁ;510340301H;MT;Corrego do Barbado;-56,077172;-15,619291;2020-08-06 09:10:00.0;0,00;
CUIABÁ;510340301H;MT;Corrego do Barbado;-56,077172;-15,619291;2020-08-06 10:10:00.0;0,00;
CUIABÁ;510340301H;MT;Corrego do Barbado;-56,077172;-15,619291;2020-08-06 11:10:00.0;0,00;
CUIABÁ;510340301H;MT;Corrego do Barbado;-56,077172;-15,619291;2020-08-06 12:10:00.0;0,00;
CUIABÁ;510340301H;MT;Corrego do Barbado;-56,077172;-15,619291;2020-08-06 13:10:00.0;0,00;
CUIABÁ;510340301H;MT;Corrego do Barbado;-56,077172;-15,619291;2020-08-06 14:10:00.0;0,00;
CUIABÁ;510340301H;MT;Corrego do Barbado;-56,077172;-15,619291;2020-08-06 15:10:00.0;0,00;
CUIABÁ;510340301H;MT;Corrego do Barbado;-56,077172;-15,619291;2020-08-06 16:10:00.0;0,00;
CUIABÁ;510340301H;MT;Corrego do Barbado;-56,077172;-15,619291;2020-08-06 17:10:00.0;0,00;
CUIABÁ;510340301H;MT;Corrego do Barbado;-56,077172;-15,619291;2020-08-06 18:10:00.0;0,00;
CUIABÁ;510340301H;MT;Corrego do Barbado;-56,077172;-15,619291;2020-08-06 19:10:00.0;0,00;
CUIABÁ;510340301H;MT;Corrego do Barbado;-56,077172;-15,619291;2020-08-06 20:10:00.0;0,00;
CUIABÁ;510340301H;MT;Corrego do Barbado;-56,077172;-15,619291;2020-08-06 21:10:00.0;0,00;
CUIABÁ;510340301H;MT;Corrego do Barbado;-56,077172;-15,619291;2020-08-06 22:10:00.0;0,00;
CUIABÁ;510340301H;MT;Corrego do Barbado;-56,077172;-15,619291;2020-08-06 23:10:00.0;0,00;
CUIABÁ;510340301H;MT;Corrego do Barbado;-56,077172;-15,619291;2020-08-07 00:10:00.0;0,00;
CUIABÁ;510340301H;MT;Corrego do Barbado;-56,077172;-15,619291;2020-08-07 01:10:00.0;0,00;
CUIABÁ;510340301H;MT;Corrego do Barbado;-56,077172;-15,619291;2020-08-07 02:10:00.0;0,00;
CUIABÁ;510340301H;MT;Corrego do Barbado;-56,077172;-15,619291;2020-08-07 03:10:00.0;0,00;
CUIABÁ;510340301H;MT;Corrego do Barbado;-56,077172;-15,619291;2020-08-07 04:10:00.0;0,00;
CUIABÁ;510340301H;MT;Corrego do Barbado;-56,077172;-15,619291;2020-08-07 05:10:00.0;0,00;
CUIABÁ;510340301H;MT;Corrego do Barbado;-56,077172;-15,619291;2020-08-07 06:10:00.0;0,00;
CUIABÁ;510340301H;MT;Corrego do Barbado;-56,077172;-15,619291;2020-08-07 07:10:00.0;0,00;
CUIABÁ;510340301H;MT;Corrego do Barbado;-56,077172;-15,619291;2020-08-07 08:10:00.0;0,00;
CUIABÁ;510340301H;MT;Corrego do Barbado;-56,077172;-15,619291;2020-08-07 09:10:00.0;0,00;
CUIABÁ;510340301H;MT;Corrego do Barbado;-56,077172;-15,619291;2020-08-07 10:10:00.0;0,00;
CUIABÁ;510340301H;MT;Corrego do Barbado;-56,077172;-15,619291;2020-08-07 11:10:00.0;0,00;
CUIABÁ;510340301H;MT;Corrego do Barbado;-56,077172;-15,619291;2020-08-07 12:10:00.0;0,00;
CUIABÁ;510340301H;MT;Corrego do Barbado;-56,077172;-15,619291;2020-08-07 13:10:00.0;0,00;
CUIABÁ;510340301H;MT;Corrego do Barbado;-56,077172;-15,619291;2020-08-07 14:10:00.0;0,00;
CUIABÁ;510340301H;MT;Corrego do Barbado;-56,077172;-15,619291;2020-08-07 15:10:00.0;0,00;
CUIABÁ;510340301H;MT;Corrego do Barbado;-56,077172;-15,619291;2020-08-07 16:10:00.0;0,00;
CUIABÁ;510340301H;MT;Corrego do Barbado;-56,077172;-15,619291;2020-08-07 17:10:00.0;0,00;
CUIABÁ;510340301H;MT;Corrego do Barbado;-56,077172;-15,619291;2020-08-07 18:10:00.0;0,00;
CUIABÁ;510340301H;MT;Corrego do Barbado;-56,077172;-15,619291;2020-08-07 19:10:00.0;0,00;
CUIABÁ;510340301H;MT;Corrego do Barbado;-56,077172;-15,619291;2020-08-07 20:10:00.0;0,00;
CUIABÁ;510340301H;MT;Corrego do Barbado;-56,077172;-15,619291;2020-08-07 21:10:00.0;0,00;
CUIABÁ;510340301H;MT;Corrego do Barbado;-56,077172;-15,619291;2020-08-07 22:10:00.0;0,00;
CUIABÁ;510340301H;MT;Corrego do Barbado;-56,077172;-15,619291;2020-08-07 23:10:00.0;0,00;
CUIABÁ;510340301H;MT;Corrego do Barbado;-56,077172;-15,619291;2020-08-08 00:10:00.0;0,00;
CUIABÁ;510340301H;MT;Corrego do Barbado;-56,077172;-15,619291;2020-08-08 01:10:00.0;0,00;
CUIABÁ;510340301H;MT;Corrego do Barbado;-56,077172;-15,619291;2020-08-08 02:10:00.0;0,00;
CUIABÁ;510340301H;MT;Corrego do Barbado;-56,077172;-15,619291;2020-08-08 03:10:00.0;0,00;
CUIABÁ;510340301H;MT;Corrego do Barbado;-56,077172;-15,619291;2020-08-08 04:10:00.0;0,00;
CUIABÁ;510340301H;MT;Corrego do Barbado;-56,077172;-15,619291;2020-08-08 05:10:00.0;0,00;
CUIABÁ;510340301H;MT;Corrego do Barbado;-56,077172;-15,619291;2020-08-08 06:10:00.0;0,00;
CUIABÁ;510340301H;MT;Corrego do Barbado;-56,077172;-15,619291;2020-08-08 07:10:00.0;0,00;
CUIABÁ;510340301H;MT;Corrego do Barbado;-56,077172;-15,619291;2020-08-08 08:10:00.0;0,00;
CUIABÁ;510340301H;MT;Corrego do Barbado;-56,077172;-15,619291;2020-08-08 09:10:00.0;0,00;
CUIABÁ;510340301H;MT;Corrego do Barbado;-56,077172;-15,619291;2020-08-08 10:10:00.0;0,00;
CUIABÁ;510340301H;MT;Corrego do Barbado;-56,077172;-15,619291;2020-08-08 11:10:00.0;0,00;
CUIABÁ;510340301H;MT;Corrego do Barbado;-56,077172;-15,619291;2020-08-08 12:10:00.0;0,00;
CUIABÁ;510340301H;MT;Corrego do Barbado;-56,077172;-15,619291;2020-08-08 13:10:00.0;0,00;
CUIABÁ;510340301H;MT;Corrego do Barbado;-56,077172;-15,619291;2020-08-08 14:10:00.0;0,00;
CUIABÁ;510340301H;MT;Corrego do Barbado;-56,077172;-15,619291;2020-08-08 15:10:00.0;0,00;
CUIABÁ;510340301H;MT;Corrego do Barbado;-56,077172;-15,619291;2020-08-08 16:10:00.0;0,00;
CUIABÁ;510340301H;MT;Corrego do Barbado;-56,077172;-15,619291;2020-08-08 17:10:00.0;0,00;
CUIABÁ;510340301H;MT;Corrego do Barbado;-56,077172;-15,619291;2020-08-08 18:10:00.0;0,00;
CUIABÁ;510340301H;MT;Corrego do Barbado;-56,077172;-15,619291;2020-08-08 19:10:00.0;0,00;
CUIABÁ;510340301H;MT;Corrego do Barbado;-56,077172;-15,619291;2020-08-08 20:10:00.0;0,00;
CUIABÁ;510340301H;MT;Corrego do Barbado;-56,077172;-15,619291;2020-08-08 21:10:00.0;0,00;
CUIABÁ;510340301H;MT;Corrego do Barbado;-56,077172;-15,619291;2020-08-08 22:10:00.0;0,00;
CUIABÁ;510340301H;MT;Corrego do Barbado;-56,077172;-15,619291;2020-08-08 23:10:00.0;0,00;
CUIABÁ;510340301H;MT;Corrego do Barbado;-56,077172;-15,619291;2020-08-09 00:10:00.0;0,00;
CUIABÁ;510340301H;MT;Corrego do Barbado;-56,077172;-15,619291;2020-08-09 01:10:00.0;0,00;
CUIABÁ;510340301H;MT;Corrego do Barbado;-56,077172;-15,619291;2020-08-09 02:10:00.0;0,00;
CUIABÁ;510340301H;MT;Corrego do Barbado;-56,077172;-15,619291;2020-08-09 03:10:00.0;0,00;
CUIABÁ;510340301H;MT;Corrego do Barbado;-56,077172;-15,619291;2020-08-09 04:10:00.0;0,00;
CUIABÁ;510340301H;MT;Corrego do Barbado;-56,077172;-15,619291;2020-08-09 05:10:00.0;0,00;
CUIABÁ;510340301H;MT;Corrego do Barbado;-56,077172;-15,619291;2020-08-09 06:10:00.0;0,00;
CUIABÁ;510340301H;MT;Corrego do Barbado;-56,077172;-15,619291;2020-08-09 07:10:00.0;0,00;
CUIABÁ;510340301H;MT;Corrego do Barbado;-56,077172;-15,619291;2020-08-09 08:10:00.0;0,00;
CUIABÁ;510340301H;MT;Corrego do Barbado;-56,077172;-15,619291;2020-08-09 09:10:00.0;0,00;
CUIABÁ;510340301H;MT;Corrego do Barbado;-56,077172;-15,619291;2020-08-09 10:10:00.0;0,00;
CUIABÁ;510340301H;MT;Corrego do Barbado;-56,077172;-15,619291;2020-08-09 11:10:00.0;0,00;
CUIABÁ;510340301H;MT;Corrego do Barbado;-56,077172;-15,619291;2020-08-09 12:10:00.0;0,00;
CUIABÁ;510340301H;MT;Corrego do Barbado;-56,077172;-15,619291;2020-08-09 13:10:00.0;0,00;
CUIABÁ;510340301H;MT;Corrego do Barbado;-56,077172;-15,619291;2020-08-09 14:10:00.0;0,00;
CUIABÁ;510340301H;MT;Corrego do Barbado;-56,077172;-15,619291;2020-08-09 15:10:00.0;0,00;
CUIABÁ;510340301H;MT;Corrego do Barbado;-56,077172;-15,619291;2020-08-09 16:10:00.0;0,00;
CUIABÁ;510340301H;MT;Corrego do Barbado;-56,077172;-15,619291;2020-08-09 17:10:00.0;0,00;
CUIABÁ;510340301H;MT;Corrego do Barbado;-56,077172;-15,619291;2020-08-09 18:10:00.0;0,00;
CUIABÁ;510340301H;MT;Corrego do Barbado;-56,077172;-15,619291;2020-08-09 19:10:00.0;0,00;
CUIABÁ;510340301H;MT;Corrego do Barbado;-56,077172;-15,619291;2020-08-09 20:10:00.0;0,00;
CUIABÁ;510340301H;MT;Corrego do Barbado;-56,077172;-15,619291;2020-08-09 21:10:00.0;0,00;
CUIABÁ;510340301H;MT;Corrego do Barbado;-56,077172;-15,619291;2020-08-09 22:10:00.0;0,00;
CUIABÁ;510340301H;MT;Corrego do Barbado;-56,077172;-15,619291;2020-08-09 23:10:00.0;0,00;
CUIABÁ;510340301H;MT;Corrego do Barbado;-56,077172;-15,619291;2020-08-10 00:10:00.0;0,00;
CUIABÁ;510340301H;MT;Corrego do Barbado;-56,077172;-15,619291;2020-08-10 01:10:00.0;0,00;
CUIABÁ;510340301H;MT;Corrego do Barbado;-56,077172;-15,619291;2020-08-10 02:10:00.0;0,00;
CUIABÁ;510340301H;MT;Corrego do Barbado;-56,077172;-15,619291;2020-08-10 03:10:00.0;0,00;
CUIABÁ;510340301H;MT;Corrego do Barbado;-56,077172;-15,619291;2020-08-10 04:10:00.0;0,00;
CUIABÁ;510340301H;MT;Corrego do Barbado;-56,077172;-15,619291;2020-08-10 05:10:00.0;0,00;
CUIABÁ;510340301H;MT;Corrego do Barbado;-56,077172;-15,619291;2020-08-10 06:10:00.0;0,00;
CUIABÁ;510340301H;MT;Corrego do Barbado;-56,077172;-15,619291;2020-08-10 07:10:00.0;0,00;
CUIABÁ;510340301H;MT;Corrego do Barbado;-56,077172;-15,619291;2020-08-10 08:10:00.0;0,00;
CUIABÁ;510340301H;MT;Corrego do Barbado;-56,077172;-15,619291;2020-08-10 09:10:00.0;0,00;
CUIABÁ;510340301H;MT;Corrego do Barbado;-56,077172;-15,619291;2020-08-10 10:10:00.0;0,00;
CUIABÁ;510340301H;MT;Corrego do Barbado;-56,077172;-15,619291;2020-08-10 11:10:00.0;0,00;
CUIABÁ;510340301H;MT;Corrego do Barbado;-56,077172;-15,619291;2020-08-10 12:10:00.0;0,00;
CUIABÁ;510340301H;MT;Corrego do Barbado;-56,077172;-15,619291;2020-08-10 13:10:00.0;0,00;
CUIABÁ;510340301H;MT;Corrego do Barbado;-56,077172;-15,619291;2020-08-10 14:10:00.0;0,00;
CUIABÁ;510340301H;MT;Corrego do Barbado;-56,077172;-15,619291;2020-08-10 15:10:00.0;0,00;
CUIABÁ;510340301H;MT;Corrego do Barbado;-56,077172;-15,619291;2020-08-10 16:10:00.0;0,00;
CUIABÁ;510340301H;MT;Corrego do Barbado;-56,077172;-15,619291;2020-08-10 17:10:00.0;0,00;
CUIABÁ;510340301H;MT;Corrego do Barbado;-56,077172;-15,619291;2020-08-10 18:10:00.0;0,00;
CUIABÁ;510340301H;MT;Corrego do Barbado;-56,077172;-15,619291;2020-08-10 19:10:00.0;0,00;
CUIABÁ;510340301H;MT;Corrego do Barbado;-56,077172;-15,619291;2020-08-10 20:10:00.0;0,00;
CUIABÁ;510340301H;MT;Corrego do Barbado;-56,077172;-15,619291;2020-08-10 21:10:00.0;0,00;
CUIABÁ;510340301H;MT;Corrego do Barbado;-56,077172;-15,619291;2020-08-10 22:10:00.0;0,00;
CUIABÁ;510340301H;MT;Corrego do Barbado;-56,077172;-15,619291;2020-08-10 23:10:00.0;0,00;
CUIABÁ;510340301H;MT;Corrego do Barbado;-56,077172;-15,619291;2020-08-11 00:10:00.0;0,00;
CUIABÁ;510340301H;MT;Corrego do Barbado;-56,077172;-15,619291;2020-08-11 01:10:00.0;0,00;
CUIABÁ;510340301H;MT;Corrego do Barbado;-56,077172;-15,619291;2020-08-11 02:10:00.0;0,00;
CUIABÁ;510340301H;MT;Corrego do Barbado;-56,077172;-15,619291;2020-08-11 03:10:00.0;0,00;
CUIABÁ;510340301H;MT;Corrego do Barbado;-56,077172;-15,619291;2020-08-11 04:10:00.0;0,00;
CUIABÁ;510340301H;MT;Corrego do Barbado;-56,077172;-15,619291;2020-08-11 05:10:00.0;0,00;
CUIABÁ;510340301H;MT;Corrego do Barbado;-56,077172;-15,619291;2020-08-11 06:10:00.0;0,00;
CUIABÁ;510340301H;MT;Corrego do Barbado;-56,077172;-15,619291;2020-08-11 07:10:00.0;0,00;
CUIABÁ;510340301H;MT;Corrego do Barbado;-56,077172;-15,619291;2020-08-11 08:10:00.0;0,00;
CUIABÁ;510340301H;MT;Corrego do Barbado;-56,077172;-15,619291;2020-08-11 09:10:00.0;0,00;
CUIABÁ;510340301H;MT;Corrego do Barbado;-56,077172;-15,619291;2020-08-11 10:10:00.0;0,00;
CUIABÁ;510340301H;MT;Corrego do Barbado;-56,077172;-15,619291;2020-08-11 11:10:00.0;0,00;
CUIABÁ;510340301H;MT;Corrego do Barbado;-56,077172;-15,619291;2020-08-11 12:10:00.0;0,00;
CUIABÁ;510340301H;MT;Corrego do Barbado;-56,077172;-15,619291;2020-08-11 13:10:00.0;0,00;
CUIABÁ;510340301H;MT;Corrego do Barbado;-56,077172;-15,619291;2020-08-11 14:10:00.0;0,00;
CUIABÁ;510340301H;MT;Corrego do Barbado;-56,077172;-15,619291;2020-08-11 15:10:00.0;0,00;
CUIABÁ;510340301H;MT;Corrego do Barbado;-56,077172;-15,619291;2020-08-11 16:10:00.0;0,00;
CUIABÁ;510340301H;MT;Corrego do Barbado;-56,077172;-15,619291;2020-08-11 17:10:00.0;0,00;
CUIABÁ;510340301H;MT;Corrego do Barbado;-56,077172;-15,619291;2020-08-11 18:10:00.0;0,00;
CUIABÁ;510340301H;MT;Corrego do Barbado;-56,077172;-15,619291;2020-08-11 19:10:00.0;0,00;
CUIABÁ;510340301H;MT;Corrego do Barbado;-56,077172;-15,619291;2020-08-11 20:10:00.0;0,00;
CUIABÁ;510340301H;MT;Corrego do Barbado;-56,077172;-15,619291;2020-08-11 21:10:00.0;0,00;
CUIABÁ;510340301H;MT;Corrego do Barbado;-56,077172;-15,619291;2020-08-11 22:10:00.0;0,00;
CUIABÁ;510340301H;MT;Corrego do Barbado;-56,077172;-15,619291;2020-08-11 23:10:00.0;0,00;
CUIABÁ;510340301H;MT;Corrego do Barbado;-56,077172;-15,619291;2020-08-12 00:10:00.0;0,00;
CUIABÁ;510340301H;MT;Corrego do Barbado;-56,077172;-15,619291;2020-08-12 01:10:00.0;0,00;
CUIABÁ;510340301H;MT;Corrego do Barbado;-56,077172;-15,619291;2020-08-12 02:10:00.0;0,00;
CUIABÁ;510340301H;MT;Corrego do Barbado;-56,077172;-15,619291;2020-08-12 03:10:00.0;0,00;
CUIABÁ;510340301H;MT;Corrego do Barbado;-56,077172;-15,619291;2020-08-12 04:10:00.0;0,00;
CUIABÁ;510340301H;MT;Corrego do Barbado;-56,077172;-15,619291;2020-08-12 05:10:00.0;0,00;
CUIABÁ;510340301H;MT;Corrego do Barbado;-56,077172;-15,619291;2020-08-12 06:10:00.0;0,00;
CUIABÁ;510340301H;MT;Corrego do Barbado;-56,077172;-15,619291;2020-08-12 07:10:00.0;0,00;
CUIABÁ;510340301H;MT;Corrego do Barbado;-56,077172;-15,619291;2020-08-12 08:10:00.0;0,00;
CUIABÁ;510340301H;MT;Corrego do Barbado;-56,077172;-15,619291;2020-08-12 09:10:00.0;0,00;
CUIABÁ;510340301H;MT;Corrego do Barbado;-56,077172;-15,619291;2020-08-12 10:10:00.0;0,00;
CUIABÁ;510340301H;MT;Corrego do Barbado;-56,077172;-15,619291;2020-08-12 11:10:00.0;0,00;
CUIABÁ;510340301H;MT;Corrego do Barbado;-56,077172;-15,619291;2020-08-12 12:10:00.0;0,00;
CUIABÁ;510340301H;MT;Corrego do Barbado;-56,077172;-15,619291;2020-08-12 13:10:00.0;0,00;
CUIABÁ;510340301H;MT;Corrego do Barbado;-56,077172;-15,619291;2020-08-12 14:10:00.0;0,00;
CUIABÁ;510340301H;MT;Corrego do Barbado;-56,077172;-15,619291;2020-08-12 15:10:00.0;0,00;
CUIABÁ;510340301H;MT;Corrego do Barbado;-56,077172;-15,619291;2020-08-12 16:10:00.0;0,00;
CUIABÁ;510340301H;MT;Corrego do Barbado;-56,077172;-15,619291;2020-08-12 17:10:00.0;0,00;
CUIABÁ;510340301H;MT;Corrego do Barbado;-56,077172;-15,619291;2020-08-12 18:10:00.0;0,00;
CUIABÁ;510340301H;MT;Corrego do Barbado;-56,077172;-15,619291;2020-08-12 19:10:00.0;0,00;
CUIABÁ;510340301H;MT;Corrego do Barbado;-56,077172;-15,619291;2020-08-12 20:10:00.0;0,00;
CUIABÁ;510340301H;MT;Corrego do Barbado;-56,077172;-15,619291;2020-08-12 21:10:00.0;0,00;
CUIABÁ;510340301H;MT;Corrego do Barbado;-56,077172;-15,619291;2020-08-12 22:10:00.0;0,00;
CUIABÁ;510340301H;MT;Corrego do Barbado;-56,077172;-15,619291;2020-08-12 23:10:00.0;0,00;
CUIABÁ;510340301H;MT;Corrego do Barbado;-56,077172;-15,619291;2020-08-13 00:10:00.0;0,00;
CUIABÁ;510340301H;MT;Corrego do Barbado;-56,077172;-15,619291;2020-08-13 01:10:00.0;0,00;
CUIABÁ;510340301H;MT;Corrego do Barbado;-56,077172;-15,619291;2020-08-13 02:10:00.0;0,00;
CUIABÁ;510340301H;MT;Corrego do Barbado;-56,077172;-15,619291;2020-08-13 03:10:00.0;0,00;
CUIABÁ;510340301H;MT;Corrego do Barbado;-56,077172;-15,619291;2020-08-13 04:10:00.0;0,00;
CUIABÁ;510340301H;MT;Corrego do Barbado;-56,077172;-15,619291;2020-08-13 05:10:00.0;0,00;
CUIABÁ;510340301H;MT;Corrego do Barbado;-56,077172;-15,619291;2020-08-13 06:10:00.0;0,00;
CUIABÁ;510340301H;MT;Corrego do Barbado;-56,077172;-15,619291;2020-08-13 07:10:00.0;0,00;
CUIABÁ;510340301H;MT;Corrego do Barbado;-56,077172;-15,619291;2020-08-13 08:10:00.0;0,00;
CUIABÁ;510340301H;MT;Corrego do Barbado;-56,077172;-15,619291;2020-08-13 09:10:00.0;0,00;
CUIABÁ;510340301H;MT;Corrego do Barbado;-56,077172;-15,619291;2020-08-13 10:10:00.0;0,00;
CUIABÁ;510340301H;MT;Corrego do Barbado;-56,077172;-15,619291;2020-08-13 11:10:00.0;0,00;
CUIABÁ;510340301H;MT;Corrego do Barbado;-56,077172;-15,619291;2020-08-13 12:10:00.0;0,00;
CUIABÁ;510340301H;MT;Corrego do Barbado;-56,077172;-15,619291;2020-08-13 13:10:00.0;0,00;
CUIABÁ;510340301H;MT;Corrego do Barbado;-56,077172;-15,619291;2020-08-13 14:10:00.0;0,00;
CUIABÁ;510340301H;MT;Corrego do Barbado;-56,077172;-15,619291;2020-08-13 15:10:00.0;0,00;
CUIABÁ;510340301H;MT;Corrego do Barbado;-56,077172;-15,619291;2020-08-13 16:10:00.0;0,00;
CUIABÁ;510340301H;MT;Corrego do Barbado;-56,077172;-15,619291;2020-08-13 17:10:00.0;0,00;
CUIABÁ;510340301H;MT;Corrego do Barbado;-56,077172;-15,619291;2020-08-13 18:10:00.0;0,00;
CUIABÁ;510340301H;MT;Corrego do Barbado;-56,077172;-15,619291;2020-08-13 19:10:00.0;0,00;
CUIABÁ;510340301H;MT;Corrego do Barbado;-56,077172;-15,619291;2020-08-13 20:10:00.0;0,00;
CUIABÁ;510340301H;MT;Corrego do Barbado;-56,077172;-15,619291;2020-08-13 21:10:00.0;0,00;
CUIABÁ;510340301H;MT;Corrego do Barbado;-56,077172;-15,619291;2020-08-13 22:10:00.0;0,00;
CUIABÁ;510340301H;MT;Corrego do Barbado;-56,077172;-15,619291;2020-08-13 23:10:00.0;0,00;
CUIABÁ;510340301H;MT;Corrego do Barbado;-56,077172;-15,619291;2020-08-14 00:10:00.0;0,00;
CUIABÁ;510340301H;MT;Corrego do Barbado;-56,077172;-15,619291;2020-08-14 01:10:00.0;0,00;
CUIABÁ;510340301H;MT;Corrego do Barbado;-56,077172;-15,619291;2020-08-14 02:10:00.0;0,00;
CUIABÁ;510340301H;MT;Corrego do Barbado;-56,077172;-15,619291;2020-08-14 03:10:00.0;0,00;
CUIABÁ;510340301H;MT;Corrego do Barbado;-56,077172;-15,619291;2020-08-14 04:10:00.0;0,00;
CUIABÁ;510340301H;MT;Corrego do Barbado;-56,077172;-15,619291;2020-08-14 05:10:00.0;0,00;
CUIABÁ;510340301H;MT;Corrego do Barbado;-56,077172;-15,619291;2020-08-14 06:10:00.0;0,00;
CUIABÁ;510340301H;MT;Corrego do Barbado;-56,077172;-15,619291;2020-08-14 07:10:00.0;0,00;
CUIABÁ;510340301H;MT;Corrego do Barbado;-56,077172;-15,619291;2020-08-14 08:10:00.0;0,00;
CUIABÁ;510340301H;MT;Corrego do Barbado;-56,077172;-15,619291;2020-08-14 09:10:00.0;0,00;
CUIABÁ;510340301H;MT;Corrego do Barbado;-56,077172;-15,619291;2020-08-14 10:10:00.0;0,00;
CUIABÁ;510340301H;MT;Corrego do Barbado;-56,077172;-15,619291;2020-08-14 11:10:00.0;0,00;
CUIABÁ;510340301H;MT;Corrego do Barbado;-56,077172;-15,619291;2020-08-14 12:10:00.0;0,00;
CUIABÁ;510340301H;MT;Corrego do Barbado;-56,077172;-15,619291;2020-08-14 13:10:00.0;0,00;
CUIABÁ;510340301H;MT;Corrego do Barbado;-56,077172;-15,619291;2020-08-14 14:10:00.0;0,00;
CUIABÁ;510340301H;MT;Corrego do Barbado;-56,077172;-15,619291;2020-08-14 15:10:00.0;0,00;
CUIABÁ;510340301H;MT;Corrego do Barbado;-56,077172;-15,619291;2020-08-14 16:10:00.0;0,00;
CUIABÁ;510340301H;MT;Corrego do Barbado;-56,077172;-15,619291;2020-08-14 17:10:00.0;0,00;
CUIABÁ;510340301H;MT;Corrego do Barbado;-56,077172;-15,619291;2020-08-14 18:10:00.0;0,00;
CUIABÁ;510340301H;MT;Corrego do Barbado;-56,077172;-15,619291;2020-08-14 19:10:00.0;0,00;
CUIABÁ;510340301H;MT;Corrego do Barbado;-56,077172;-15,619291;2020-08-14 20:10:00.0;0,00;
CUIABÁ;510340301H;MT;Corrego do Barbado;-56,077172;-15,619291;2020-08-14 21:10:00.0;0,00;
CUIABÁ;510340301H;MT;Corrego do Barbado;-56,077172;-15,619291;2020-08-14 22:10:00.0;0,00;
CUIABÁ;510340301H;MT;Corrego do Barbado;-56,077172;-15,619291;2020-08-14 23:10:00.0;0,00;
CUIABÁ;510340301H;MT;Corrego do Barbado;-56,077172;-15,619291;2020-08-15 00:10:00.0;0,00;
CUIABÁ;510340301H;MT;Corrego do Barbado;-56,077172;-15,619291;2020-08-15 01:10:00.0;0,00;
CUIABÁ;510340301H;MT;Corrego do Barbado;-56,077172;-15,619291;2020-08-15 02:10:00.0;0,00;
CUIABÁ;510340301H;MT;Corrego do Barbado;-56,077172;-15,619291;2020-08-15 03:10:00.0;0,00;
CUIABÁ;510340301H;MT;Corrego do Barbado;-56,077172;-15,619291;2020-08-15 04:10:00.0;0,00;
CUIABÁ;510340301H;MT;Corrego do Barbado;-56,077172;-15,619291;2020-08-15 05:10:00.0;0,00;
CUIABÁ;510340301H;MT;Corrego do Barbado;-56,077172;-15,619291;2020-08-15 06:10:00.0;0,00;
CUIABÁ;510340301H;MT;Corrego do Barbado;-56,077172;-15,619291;2020-08-15 07:10:00.0;0,00;
CUIABÁ;510340301H;MT;Corrego do Barbado;-56,077172;-15,619291;2020-08-15 08:10:00.0;0,00;
CUIABÁ;510340301H;MT;Corrego do Barbado;-56,077172;-15,619291;2020-08-15 09:10:00.0;0,00;
CUIABÁ;510340301H;MT;Corrego do Barbado;-56,077172;-15,619291;2020-08-15 10:10:00.0;0,00;
CUIABÁ;510340301H;MT;Corrego do Barbado;-56,077172;-15,619291;2020-08-15 11:10:00.0;0,00;
CUIABÁ;510340301H;MT;Corrego do Barbado;-56,077172;-15,619291;2020-08-15 12:10:00.0;0,00;
CUIABÁ;510340301H;MT;Corrego do Barbado;-56,077172;-15,619291;2020-08-15 13:10:00.0;0,00;
CUIABÁ;510340301H;MT;Corrego do Barbado;-56,077172;-15,619291;2020-08-15 14:10:00.0;0,00;
CUIABÁ;510340301H;MT;Corrego do Barbado;-56,077172;-15,619291;2020-08-15 15:10:00.0;0,00;
CUIABÁ;510340301H;MT;Corrego do Barbado;-56,077172;-15,619291;2020-08-15 16:10:00.0;0,00;
CUIABÁ;510340301H;MT;Corrego do Barbado;-56,077172;-15,619291;2020-08-15 17:10:00.0;0,00;
CUIABÁ;510340301H;MT;Corrego do Barbado;-56,077172;-15,619291;2020-08-15 18:10:00.0;0,00;
CUIABÁ;510340301H;MT;Corrego do Barbado;-56,077172;-15,619291;2020-08-15 19:10:00.0;0,00;
CUIABÁ;510340301H;MT;Corrego do Barbado;-56,077172;-15,619291;2020-08-15 20:10:00.0;0,00;
CUIABÁ;510340301H;MT;Corrego do Barbado;-56,077172;-15,619291;2020-08-15 21:10:00.0;0,00;
CUIABÁ;510340301H;MT;Corrego do Barbado;-56,077172;-15,619291;2020-08-15 22:10:00.0;0,00;
CUIABÁ;510340301H;MT;Corrego do Barbado;-56,077172;-15,619291;2020-08-15 23:10:00.0;0,00;
CUIABÁ;510340301H;MT;Corrego do Barbado;-56,077172;-15,619291;2020-08-16 00:10:00.0;0,00;
CUIABÁ;510340301H;MT;Corrego do Barbado;-56,077172;-15,619291;2020-08-16 01:10:00.0;0,00;
CUIABÁ;510340301H;MT;Corrego do Barbado;-56,077172;-15,619291;2020-08-16 02:10:00.0;0,00;
CUIABÁ;510340301H;MT;Corrego do Barbado;-56,077172;-15,619291;2020-08-16 03:10:00.0;0,00;
CUIABÁ;510340301H;MT;Corrego do Barbado;-56,077172;-15,619291;2020-08-16 04:10:00.0;0,00;
CUIABÁ;510340301H;MT;Corrego do Barbado;-56,077172;-15,619291;2020-08-16 05:10:00.0;0,00;
CUIABÁ;510340301H;MT;Corrego do Barbado;-56,077172;-15,619291;2020-08-16 06:10:00.0;0,00;
CUIABÁ;510340301H;MT;Corrego do Barbado;-56,077172;-15,619291;2020-08-16 07:10:00.0;0,00;
CUIABÁ;510340301H;MT;Corrego do Barbado;-56,077172;-15,619291;2020-08-16 08:10:00.0;0,00;
CUIABÁ;510340301H;MT;Corrego do Barbado;-56,077172;-15,619291;2020-08-16 09:10:00.0;0,00;
CUIABÁ;510340301H;MT;Corrego do Barbado;-56,077172;-15,619291;2020-08-16 10:10:00.0;0,00;
CUIABÁ;510340301H;MT;Corrego do Barbado;-56,077172;-15,619291;2020-08-16 11:10:00.0;0,00;
CUIABÁ;510340301H;MT;Corrego do Barbado;-56,077172;-15,619291;2020-08-16 12:10:00.0;0,00;
CUIABÁ;510340301H;MT;Corrego do Barbado;-56,077172;-15,619291;2020-08-16 13:10:00.0;0,00;
CUIABÁ;510340301H;MT;Corrego do Barbado;-56,077172;-15,619291;2020-08-16 14:10:00.0;0,00;
CUIABÁ;510340301H;MT;Corrego do Barbado;-56,077172;-15,619291;2020-08-16 15:10:00.0;0,00;
CUIABÁ;510340301H;MT;Corrego do Barbado;-56,077172;-15,619291;2020-08-16 16:10:00.0;0,00;
CUIABÁ;510340301H;MT;Corrego do Barbado;-56,077172;-15,619291;2020-08-16 17:10:00.0;0,00;
CUIABÁ;510340301H;MT;Corrego do Barbado;-56,077172;-15,619291;2020-08-16 18:10:00.0;0,00;
CUIABÁ;510340301H;MT;Corrego do Barbado;-56,077172;-15,619291;2020-08-16 19:10:00.0;0,00;
CUIABÁ;510340301H;MT;Corrego do Barbado;-56,077172;-15,619291;2020-08-16 20:10:00.0;0,00;
CUIABÁ;510340301H;MT;Corrego do Barbado;-56,077172;-15,619291;2020-08-16 21:10:00.0;0,00;
CUIABÁ;510340301H;MT;Corrego do Barbado;-56,077172;-15,619291;2020-08-16 22:10:00.0;0,00;
CUIABÁ;510340301H;MT;Corrego do Barbado;-56,077172;-15,619291;2020-08-16 23:10:00.0;0,00;
CUIABÁ;510340301H;MT;Corrego do Barbado;-56,077172;-15,619291;2020-08-17 00:10:00.0;0,00;
CUIABÁ;510340301H;MT;Corrego do Barbado;-56,077172;-15,619291;2020-08-17 01:10:00.0;0,00;
CUIABÁ;510340301H;MT;Corrego do Barbado;-56,077172;-15,619291;2020-08-17 02:10:00.0;0,00;
CUIABÁ;510340301H;MT;Corrego do Barbado;-56,077172;-15,619291;2020-08-17 03:10:00.0;0,00;
CUIABÁ;510340301H;MT;Corrego do Barbado;-56,077172;-15,619291;2020-08-17 04:10:00.0;0,00;
CUIABÁ;510340301H;MT;Corrego do Barbado;-56,077172;-15,619291;2020-08-17 05:10:00.0;0,00;
CUIABÁ;510340301H;MT;Corrego do Barbado;-56,077172;-15,619291;2020-08-17 06:10:00.0;0,00;
CUIABÁ;510340301H;MT;Corrego do Barbado;-56,077172;-15,619291;2020-08-17 07:10:00.0;0,00;
CUIABÁ;510340301H;MT;Corrego do Barbado;-56,077172;-15,619291;2020-08-17 08:10:00.0;0,00;
CUIABÁ;510340301H;MT;Corrego do Barbado;-56,077172;-15,619291;2020-08-17 09:10:00.0;0,00;
CUIABÁ;510340301H;MT;Corrego do Barbado;-56,077172;-15,619291;2020-08-17 10:10:00.0;0,00;
CUIABÁ;510340301H;MT;Corrego do Barbado;-56,077172;-15,619291;2020-08-17 11:10:00.0;0,00;
CUIABÁ;510340301H;MT;Corrego do Barbado;-56,077172;-15,619291;2020-08-17 12:10:00.0;0,00;
CUIABÁ;510340301H;MT;Corrego do Barbado;-56,077172;-15,619291;2020-08-17 13:10:00.0;0,00;
CUIABÁ;510340301H;MT;Corrego do Barbado;-56,077172;-15,619291;2020-08-17 14:10:00.0;0,00;
CUIABÁ;510340301H;MT;Corrego do Barbado;-56,077172;-15,619291;2020-08-17 15:10:00.0;0,00;
CUIABÁ;510340301H;MT;Corrego do Barbado;-56,077172;-15,619291;2020-08-17 16:10:00.0;0,00;
CUIABÁ;510340301H;MT;Corrego do Barbado;-56,077172;-15,619291;2020-08-17 17:10:00.0;0,00;
CUIABÁ;510340301H;MT;Corrego do Barbado;-56,077172;-15,619291;2020-08-17 18:10:00.0;0,00;
CUIABÁ;510340301H;MT;Corrego do Barbado;-56,077172;-15,619291;2020-08-17 19:10:00.0;0,00;
CUIABÁ;510340301H;MT;Corrego do Barbado;-56,077172;-15,619291;2020-08-17 20:10:00.0;0,00;
CUIABÁ;510340301H;MT;Corrego do Barbado;-56,077172;-15,619291;2020-08-17 21:10:00.0;0,00;
CUIABÁ;510340301H;MT;Corrego do Barbado;-56,077172;-15,619291;2020-08-17 22:10:00.0;0,00;
CUIABÁ;510340301H;MT;Corrego do Barbado;-56,077172;-15,619291;2020-08-17 23:10:00.0;0,00;
CUIABÁ;510340301H;MT;Corrego do Barbado;-56,077172;-15,619291;2020-08-18 00:10:00.0;0,00;
CUIABÁ;510340301H;MT;Corrego do Barbado;-56,077172;-15,619291;2020-08-18 01:10:00.0;0,00;
CUIABÁ;510340301H;MT;Corrego do Barbado;-56,077172;-15,619291;2020-08-18 02:10:00.0;0,00;
CUIABÁ;510340301H;MT;Corrego do Barbado;-56,077172;-15,619291;2020-08-18 03:10:00.0;0,00;
CUIABÁ;510340301H;MT;Corrego do Barbado;-56,077172;-15,619291;2020-08-18 04:10:00.0;0,00;
CUIABÁ;510340301H;MT;Corrego do Barbado;-56,077172;-15,619291;2020-08-18 05:10:00.0;0,00;
CUIABÁ;510340301H;MT;Corrego do Barbado;-56,077172;-15,619291;2020-08-18 06:10:00.0;0,00;
CUIABÁ;510340301H;MT;Corrego do Barbado;-56,077172;-15,619291;2020-08-18 07:10:00.0;0,00;
CUIABÁ;510340301H;MT;Corrego do Barbado;-56,077172;-15,619291;2020-08-18 08:10:00.0;0,00;
CUIABÁ;510340301H;MT;Corrego do Barbado;-56,077172;-15,619291;2020-08-18 09:10:00.0;0,00;
CUIABÁ;510340301H;MT;Corrego do Barbado;-56,077172;-15,619291;2020-08-18 10:10:00.0;0,00;
CUIABÁ;510340301H;MT;Corrego do Barbado;-56,077172;-15,619291;2020-08-18 11:10:00.0;0,00;
CUIABÁ;510340301H;MT;Corrego do Barbado;-56,077172;-15,619291;2020-08-18 12:10:00.0;0,00;
CUIABÁ;510340301H;MT;Corrego do Barbado;-56,077172;-15,619291;2020-08-18 13:10:00.0;0,00;
CUIABÁ;510340301H;MT;Corrego do Barbado;-56,077172;-15,619291;2020-08-18 14:10:00.0;0,00;
CUIABÁ;510340301H;MT;Corrego do Barbado;-56,077172;-15,619291;2020-08-18 15:10:00.0;0,00;
CUIABÁ;510340301H;MT;Corrego do Barbado;-56,077172;-15,619291;2020-08-18 16:10:00.0;0,00;
CUIABÁ;510340301H;MT;Corrego do Barbado;-56,077172;-15,619291;2020-08-18 17:10:00.0;0,00;
CUIABÁ;510340301H;MT;Corrego do Barbado;-56,077172;-15,619291;2020-08-18 18:10:00.0;0,00;
CUIABÁ;510340301H;MT;Corrego do Barbado;-56,077172;-15,619291;2020-08-18 19:10:00.0;0,00;
CUIABÁ;510340301H;MT;Corrego do Barbado;-56,077172;-15,619291;2020-08-18 20:10:00.0;0,00;
CUIABÁ;510340301H;MT;Corrego do Barbado;-56,077172;-15,619291;2020-08-18 21:10:00.0;0,00;
CUIABÁ;510340301H;MT;Corrego do Barbado;-56,077172;-15,619291;2020-08-18 22:10:00.0;0,00;
CUIABÁ;510340301H;MT;Corrego do Barbado;-56,077172;-15,619291;2020-08-18 23:10:00.0;0,00;
CUIABÁ;510340301H;MT;Corrego do Barbado;-56,077172;-15,619291;2020-08-19 00:10:00.0;0,00;
CUIABÁ;510340301H;MT;Corrego do Barbado;-56,077172;-15,619291;2020-08-19 01:10:00.0;0,00;
CUIABÁ;510340301H;MT;Corrego do Barbado;-56,077172;-15,619291;2020-08-19 02:10:00.0;0,00;
CUIABÁ;510340301H;MT;Corrego do Barbado;-56,077172;-15,619291;2020-08-19 03:10:00.0;0,00;
CUIABÁ;510340301H;MT;Corrego do Barbado;-56,077172;-15,619291;2020-08-19 04:10:00.0;0,00;
CUIABÁ;510340301H;MT;Corrego do Barbado;-56,077172;-15,619291;2020-08-19 05:10:00.0;0,00;
CUIABÁ;510340301H;MT;Corrego do Barbado;-56,077172;-15,619291;2020-08-19 06:10:00.0;0,00;
CUIABÁ;510340301H;MT;Corrego do Barbado;-56,077172;-15,619291;2020-08-19 07:10:00.0;0,00;
CUIABÁ;510340301H;MT;Corrego do Barbado;-56,077172;-15,619291;2020-08-19 08:10:00.0;0,00;
CUIABÁ;510340301H;MT;Corrego do Barbado;-56,077172;-15,619291;2020-08-19 09:10:00.0;0,00;
CUIABÁ;510340301H;MT;Corrego do Barbado;-56,077172;-15,619291;2020-08-19 10:10:00.0;0,00;
CUIABÁ;510340301H;MT;Corrego do Barbado;-56,077172;-15,619291;2020-08-19 11:10:00.0;0,00;
CUIABÁ;510340301H;MT;Corrego do Barbado;-56,077172;-15,619291;2020-08-19 12:10:00.0;0,00;
CUIABÁ;510340301H;MT;Corrego do Barbado;-56,077172;-15,619291;2020-08-19 13:10:00.0;0,00;
CUIABÁ;510340301H;MT;Corrego do Barbado;-56,077172;-15,619291;2020-08-19 14:10:00.0;0,00;
CUIABÁ;510340301H;MT;Corrego do Barbado;-56,077172;-15,619291;2020-08-19 15:10:00.0;0,00;
CUIABÁ;510340301H;MT;Corrego do Barbado;-56,077172;-15,619291;2020-08-19 16:10:00.0;0,00;
CUIABÁ;510340301H;MT;Corrego do Barbado;-56,077172;-15,619291;2020-08-19 17:10:00.0;0,00;
CUIABÁ;510340301H;MT;Corrego do Barbado;-56,077172;-15,619291;2020-08-19 18:10:00.0;0,00;
CUIABÁ;510340301H;MT;Corrego do Barbado;-56,077172;-15,619291;2020-08-19 19:10:00.0;0,00;
CUIABÁ;510340301H;MT;Corrego do Barbado;-56,077172;-15,619291;2020-08-19 20:10:00.0;0,00;
CUIABÁ;510340301H;MT;Corrego do Barbado;-56,077172;-15,619291;2020-08-19 21:10:00.0;0,00;
CUIABÁ;510340301H;MT;Corrego do Barbado;-56,077172;-15,619291;2020-08-19 22:10:00.0;0,00;
CUIABÁ;510340301H;MT;Corrego do Barbado;-56,077172;-15,619291;2020-08-19 23:10:00.0;0,00;
CUIABÁ;510340301H;MT;Corrego do Barbado;-56,077172;-15,619291;2020-08-20 00:10:00.0;0,00;
CUIABÁ;510340301H;MT;Corrego do Barbado;-56,077172;-15,619291;2020-08-20 01:10:00.0;0,00;
CUIABÁ;510340301H;MT;Corrego do Barbado;-56,077172;-15,619291;2020-08-20 02:10:00.0;0,00;
CUIABÁ;510340301H;MT;Corrego do Barbado;-56,077172;-15,619291;2020-08-20 03:10:00.0;0,00;
CUIABÁ;510340301H;MT;Corrego do Barbado;-56,077172;-15,619291;2020-08-20 04:10:00.0;0,00;
CUIABÁ;510340301H;MT;Corrego do Barbado;-56,077172;-15,619291;2020-08-20 05:10:00.0;0,00;
CUIABÁ;510340301H;MT;Corrego do Barbado;-56,077172;-15,619291;2020-08-20 06:10:00.0;0,00;
CUIABÁ;510340301H;MT;Corrego do Barbado;-56,077172;-15,619291;2020-08-20 07:10:00.0;0,00;
CUIABÁ;510340301H;MT;Corrego do Barbado;-56,077172;-15,619291;2020-08-20 08:10:00.0;0,00;
CUIABÁ;510340301H;MT;Corrego do Barbado;-56,077172;-15,619291;2020-08-20 09:10:00.0;0,00;
CUIABÁ;510340301H;MT;Corrego do Barbado;-56,077172;-15,619291;2020-08-20 10:10:00.0;0,00;
CUIABÁ;510340301H;MT;Corrego do Barbado;-56,077172;-15,619291;2020-08-20 11:10:00.0;0,00;
CUIABÁ;510340301H;MT;Corrego do Barbado;-56,077172;-15,619291;2020-08-20 12:10:00.0;0,00;
CUIABÁ;510340301H;MT;Corrego do Barbado;-56,077172;-15,619291;2020-08-20 13:10:00.0;0,00;
CUIABÁ;510340301H;MT;Corrego do Barbado;-56,077172;-15,619291;2020-08-20 14:10:00.0;0,00;
CUIABÁ;510340301H;MT;Corrego do Barbado;-56,077172;-15,619291;2020-08-20 15:10:00.0;0,00;
CUIABÁ;510340301H;MT;Corrego do Barbado;-56,077172;-15,619291;2020-08-20 16:10:00.0;0,00;
CUIABÁ;510340301H;MT;Corrego do Barbado;-56,077172;-15,619291;2020-08-20 17:10:00.0;0,00;
CUIABÁ;510340301H;MT;Corrego do Barbado;-56,077172;-15,619291;2020-08-20 18:10:00.0;0,00;
CUIABÁ;510340301H;MT;Corrego do Barbado;-56,077172;-15,619291;2020-08-20 19:10:00.0;0,00;
CUIABÁ;510340301H;MT;Corrego do Barbado;-56,077172;-15,619291;2020-08-20 20:10:00.0;0,00;
CUIABÁ;510340301H;MT;Corrego do Barbado;-56,077172;-15,619291;2020-08-20 21:10:00.0;0,00;
CUIABÁ;510340301H;MT;Corrego do Barbado;-56,077172;-15,619291;2020-08-20 22:10:00.0;0,00;
CUIABÁ;510340301H;MT;Corrego do Barbado;-56,077172;-15,619291;2020-08-20 23:10:00.0;0,00;
CUIABÁ;510340301H;MT;Corrego do Barbado;-56,077172;-15,619291;2020-08-21 00:10:00.0;0,00;
CUIABÁ;510340301H;MT;Corrego do Barbado;-56,077172;-15,619291;2020-08-21 01:10:00.0;0,00;
CUIABÁ;510340301H;MT;Corrego do Barbado;-56,077172;-15,619291;2020-08-21 02:10:00.0;0,00;
CUIABÁ;510340301H;MT;Corrego do Barbado;-56,077172;-15,619291;2020-08-21 03:10:00.0;0,00;
CUIABÁ;510340301H;MT;Corrego do Barbado;-56,077172;-15,619291;2020-08-21 04:10:00.0;0,00;
CUIABÁ;510340301H;MT;Corrego do Barbado;-56,077172;-15,619291;2020-08-21 05:10:00.0;0,00;
CUIABÁ;510340301H;MT;Corrego do Barbado;-56,077172;-15,619291;2020-08-21 05:20:00.0;0,20;
CUIABÁ;510340301H;MT;Corrego do Barbado;-56,077172;-15,619291;2020-08-21 05:50:00.0;0,20;
CUIABÁ;510340301H;MT;Corrego do Barbado;-56,077172;-15,619291;2020-08-21 06:10:00.0;0,00;
CUIABÁ;510340301H;MT;Corrego do Barbado;-56,077172;-15,619291;2020-08-21 06:30:00.0;0,20;
CUIABÁ;510340301H;MT;Corrego do Barbado;-56,077172;-15,619291;2020-08-21 07:10:00.0;0,00;
CUIABÁ;510340301H;MT;Corrego do Barbado;-56,077172;-15,619291;2020-08-21 07:20:00.0;0,20;
CUIABÁ;510340301H;MT;Corrego do Barbado;-56,077172;-15,619291;2020-08-21 08:10:00.0;0,20;
CUIABÁ;510340301H;MT;Corrego do Barbado;-56,077172;-15,619291;2020-08-21 09:10:00.0;0,00;
CUIABÁ;510340301H;MT;Corrego do Barbado;-56,077172;-15,619291;2020-08-21 10:10:00.0;0,00;
CUIABÁ;510340301H;MT;Corrego do Barbado;-56,077172;-15,619291;2020-08-21 10:20:00.0;0,20;
CUIABÁ;510340301H;MT;Corrego do Barbado;-56,077172;-15,619291;2020-08-21 11:10:00.0;0,00;
CUIABÁ;510340301H;MT;Corrego do Barbado;-56,077172;-15,619291;2020-08-21 12:10:00.0;0,00;
CUIABÁ;510340301H;MT;Corrego do Barbado;-56,077172;-15,619291;2020-08-21 13:10:00.0;0,00;
CUIABÁ;510340301H;MT;Corrego do Barbado;-56,077172;-15,619291;2020-08-21 14:10:00.0;0,00;
CUIABÁ;510340301H;MT;Corrego do Barbado;-56,077172;-15,619291;2020-08-21 15:10:00.0;0,00;
CUIABÁ;510340301H;MT;Corrego do Barbado;-56,077172;-15,619291;2020-08-21 16:10:00.0;0,00;
CUIABÁ;510340301H;MT;Corrego do Barbado;-56,077172;-15,619291;2020-08-21 17:10:00.0;0,00;
CUIABÁ;510340301H;MT;Corrego do Barbado;-56,077172;-15,619291;2020-08-21 18:10:00.0;0,00;
CUIABÁ;510340301H;MT;Corrego do Barbado;-56,077172;-15,619291;2020-08-21 19:10:00.0;0,00;
CUIABÁ;510340301H;MT;Corrego do Barbado;-56,077172;-15,619291;2020-08-21 20:10:00.0;0,00;
CUIABÁ;510340301H;MT;Corrego do Barbado;-56,077172;-15,619291;2020-08-21 21:10:00.0;0,00;
CUIABÁ;510340301H;MT;Corrego do Barbado;-56,077172;-15,619291;2020-08-21 22:10:00.0;0,00;
CUIABÁ;510340301H;MT;Corrego do Barbado;-56,077172;-15,619291;2020-08-21 23:10:00.0;0,00;
CUIABÁ;510340301H;MT;Corrego do Barbado;-56,077172;-15,619291;2020-08-22 00:10:00.0;0,00;
CUIABÁ;510340301H;MT;Corrego do Barbado;-56,077172;-15,619291;2020-08-22 01:10:00.0;0,00;
CUIABÁ;510340301H;MT;Corrego do Barbado;-56,077172;-15,619291;2020-08-22 02:10:00.0;0,00;
CUIABÁ;510340301H;MT;Corrego do Barbado;-56,077172;-15,619291;2020-08-22 03:10:00.0;0,00;
CUIABÁ;510340301H;MT;Corrego do Barbado;-56,077172;-15,619291;2020-08-22 04:10:00.0;0,00;
CUIABÁ;510340301H;MT;Corrego do Barbado;-56,077172;-15,619291;2020-08-22 05:10:00.0;0,00;
CUIABÁ;510340301H;MT;Corrego do Barbado;-56,077172;-15,619291;2020-08-22 06:10:00.0;0,00;
CUIABÁ;510340301H;MT;Corrego do Barbado;-56,077172;-15,619291;2020-08-22 07:10:00.0;0,00;
CUIABÁ;510340301H;MT;Corrego do Barbado;-56,077172;-15,619291;2020-08-22 08:10:00.0;0,00;
CUIABÁ;510340301H;MT;Corrego do Barbado;-56,077172;-15,619291;2020-08-22 09:10:00.0;0,00;
CUIABÁ;510340301H;MT;Corrego do Barbado;-56,077172;-15,619291;2020-08-22 10:10:00.0;0,00;
CUIABÁ;510340301H;MT;Corrego do Barbado;-56,077172;-15,619291;2020-08-22 11:10:00.0;0,00;
CUIABÁ;510340301H;MT;Corrego do Barbado;-56,077172;-15,619291;2020-08-22 12:10:00.0;0,00;
CUIABÁ;510340301H;MT;Corrego do Barbado;-56,077172;-15,619291;2020-08-22 13:10:00.0;0,00;
CUIABÁ;510340301H;MT;Corrego do Barbado;-56,077172;-15,619291;2020-08-22 14:10:00.0;0,00;
CUIABÁ;510340301H;MT;Corrego do Barbado;-56,077172;-15,619291;2020-08-22 15:10:00.0;0,00;
CUIABÁ;510340301H;MT;Corrego do Barbado;-56,077172;-15,619291;2020-08-22 16:10:00.0;0,00;
CUIABÁ;510340301H;MT;Corrego do Barbado;-56,077172;-15,619291;2020-08-22 17:10:00.0;0,00;
CUIABÁ;510340301H;MT;Corrego do Barbado;-56,077172;-15,619291;2020-08-22 18:10:00.0;0,00;
CUIABÁ;510340301H;MT;Corrego do Barbado;-56,077172;-15,619291;2020-08-22 19:10:00.0;0,00;
CUIABÁ;510340301H;MT;Corrego do Barbado;-56,077172;-15,619291;2020-08-22 20:10:00.0;0,00;
CUIABÁ;510340301H;MT;Corrego do Barbado;-56,077172;-15,619291;2020-08-22 21:10:00.0;0,00;
CUIABÁ;510340301H;MT;Corrego do Barbado;-56,077172;-15,619291;2020-08-22 22:10:00.0;0,00;
CUIABÁ;510340301H;MT;Corrego do Barbado;-56,077172;-15,619291;2020-08-22 23:10:00.0;0,00;
CUIABÁ;510340301H;MT;Corrego do Barbado;-56,077172;-15,619291;2020-08-23 00:10:00.0;0,00;
CUIABÁ;510340301H;MT;Corrego do Barbado;-56,077172;-15,619291;2020-08-23 01:10:00.0;0,00;
CUIABÁ;510340301H;MT;Corrego do Barbado;-56,077172;-15,619291;2020-08-23 02:10:00.0;0,00;
CUIABÁ;510340301H;MT;Corrego do Barbado;-56,077172;-15,619291;2020-08-23 03:10:00.0;0,00;
CUIABÁ;510340301H;MT;Corrego do Barbado;-56,077172;-15,619291;2020-08-23 04:10:00.0;0,00;
CUIABÁ;510340301H;MT;Corrego do Barbado;-56,077172;-15,619291;2020-08-23 05:10:00.0;0,00;
CUIABÁ;510340301H;MT;Corrego do Barbado;-56,077172;-15,619291;2020-08-23 06:10:00.0;0,00;
CUIABÁ;510340301H;MT;Corrego do Barbado;-56,077172;-15,619291;2020-08-23 07:10:00.0;0,00;
CUIABÁ;510340301H;MT;Corrego do Barbado;-56,077172;-15,619291;2020-08-23 08:10:00.0;0,00;
CUIABÁ;510340301H;MT;Corrego do Barbado;-56,077172;-15,619291;2020-08-23 09:10:00.0;0,00;
CUIABÁ;510340301H;MT;Corrego do Barbado;-56,077172;-15,619291;2020-08-23 10:10:00.0;0,00;
CUIABÁ;510340301H;MT;Corrego do Barbado;-56,077172;-15,619291;2020-08-23 11:10:00.0;0,00;
CUIABÁ;510340301H;MT;Corrego do Barbado;-56,077172;-15,619291;2020-08-23 12:10:00.0;0,00;
CUIABÁ;510340301H;MT;Corrego do Barbado;-56,077172;-15,619291;2020-08-23 13:10:00.0;0,00;
CUIABÁ;510340301H;MT;Corrego do Barbado;-56,077172;-15,619291;2020-08-23 14:10:00.0;0,00;
CUIABÁ;510340301H;MT;Corrego do Barbado;-56,077172;-15,619291;2020-08-23 15:10:00.0;0,00;
CUIABÁ;510340301H;MT;Corrego do Barbado;-56,077172;-15,619291;2020-08-23 16:10:00.0;0,00;
CUIABÁ;510340301H;MT;Corrego do Barbado;-56,077172;-15,619291;2020-08-23 17:10:00.0;0,00;
CUIABÁ;510340301H;MT;Corrego do Barbado;-56,077172;-15,619291;2020-08-23 18:10:00.0;0,00;
CUIABÁ;510340301H;MT;Corrego do Barbado;-56,077172;-15,619291;2020-08-23 19:10:00.0;0,00;
CUIABÁ;510340301H;MT;Corrego do Barbado;-56,077172;-15,619291;2020-08-23 20:10:00.0;0,00;
CUIABÁ;510340301H;MT;Corrego do Barbado;-56,077172;-15,619291;2020-08-23 21:10:00.0;0,00;
CUIABÁ;510340301H;MT;Corrego do Barbado;-56,077172;-15,619291;2020-08-23 22:10:00.0;0,00;
CUIABÁ;510340301H;MT;Corrego do Barbado;-56,077172;-15,619291;2020-08-23 23:10:00.0;0,00;
